top_item_1,top_item_2,top_item_3,top_item_4,top_item_5
angbutter,croissant,pain au chocolat,tiramisu croissant,plain bread
croissant,angbutter,wiener,pain au chocolat,plain bread
angbutter,tiramisu croissant,americano,plain bread,croissant
angbutter,pain au chocolat,croissant,wiener,plain bread
angbutter,croissant,pain au chocolat,plain bread,tiramisu croissant
angbutter,tiramisu croissant,plain bread,pain au chocolat,americano
angbutter,plain bread,croissant,tiramisu croissant,pain au chocolat
angbutter,tiramisu croissant,plain bread,pain au chocolat,croissant
angbutter,plain bread,croissant,tiramisu croissant,pain au chocolat
angbutter,wiener,croissant,pandoro,pain au chocolat
angbutter,tiramisu croissant,plain bread,croissant,cacao deep
angbutter,plain bread,croissant,pain au chocolat,pandoro
angbutter,wiener,plain bread,pain au chocolat,americano
angbutter,croissant,pain au chocolat,plain bread,tiramisu croissant
angbutter,croissant,plain bread,tiramisu croissant,pain au chocolat
angbutter,plain bread,tiramisu croissant,croissant,orange pound
angbutter,tiramisu croissant,plain bread,croissant,pain au chocolat
angbutter,croissant,plain bread,americano,tiramisu croissant
angbutter,plain bread,croissant,tiramisu croissant,pain au chocolat
angbutter,croissant,plain bread,tiramisu croissant,americano
